Workbook

Sheet display
A1: x | D1: xc | G1: xm
A2: =B2/65536 -> 0 | B2: 0 | D2: =CLIP!G3 -> 0 | E2: =TRUNC(D2*65536) -> 0 | G2: =MID!G4 -> 0 | H2: =TRUNC(G2*65536) -> 0
A3: =B3/65536 -> 0.125 | B3: =B2+8192 -> 8192 | D3: =CLIP!G4 -> 0 | E3: =TRUNC(D3*65536) -> 0 | G3: =MID!G5 -> 0 | H3: =TRUNC(G3*65536) -> 0
A4: =B4/65536 -> 0.25 | B4: =B3+8192 -> 16384 | D4: =CLIP!G5 -> 0.012449717 | E4: =TRUNC(D4*65536) -> 815 | G4: =MID!G6 -> 0.011851967 | H4: =TRUNC(G4*65536) -> 776
A5: =B5/65536 -> 0.375 | B5: =B4+8192 -> 24576 | D5: =CLIP!G6 -> 0.17704143 | E5: =TRUNC(D5*65536) -> 11602 | G5: =MID!G7 -> 0.16990069 | H5: =TRUNC(G5*65536) -> 11134
A6: =B6/65536 -> 0.5 | B6: =B5+8192 -> 32768 | D6: =CLIP!G7 -> 0.34163314 | E6: =TRUNC(D6*65536) -> 22389 | G6: =MID!G8 -> 0.33052003 | H6: =TRUNC(G6*65536) -> 21660
A7: =B7/65536 -> 0.625 | B7: =B6+8192 -> 40960 | D7: =CLIP!G8 -> 0.50622486 | E7: =TRUNC(D7*65536) -> 33175 | G7: =MID!G9 -> 0.49377321 | H7: =TRUNC(G7*65536) -> 32359
A8: =B8/65536 -> 0.75 | B8: =B7+8192 -> 49152 | D8: =CLIP!G9 -> 0.67081657 | E8: =TRUNC(D8*65536) -> 43962 | G8: =MID!G10 -> 0.65972556 | H8: =TRUNC(G8*65536) -> 43235
A9: =B9/65536 -> 0.875 | B9: =B8+8192 -> 57344 | D9: =CLIP!G10 -> 0.83540829 | E9: =TRUNC(D9*65536) -> 54749 | G9: =MID!G11 -> 0.82844456 | H9: =TRUNC(G9*65536) -> 54292
A10: =B10/65536 -> 0.99998474 | B10: =B9+8191 -> 65535 | D10: =CLIP!G11 -> 0.99997991 | E10: =TRUNC(D10*65536) -> 65534 | G10: =MID!G12 -> 0.99997888 | H10: =TRUNC(G10*65536) -> 65534

Sheet image_parameters
A1: M | B1: =D1/65536 -> 0.5 | D1: 32768
A2: MAD | B2: =D2/65536 -> 0.0625 | D2: 4096
A3: MADN | B3: =B2*1.4826 -> 0.0926625 | D3: =TRUNC(B3*65536) -> 6072
A4: B | B4: 0.25 | D4: =TRUNC(B4*65536) -> 16384
A5: C | B5: -2.8 | D5: =TRUNC(B5*65536) -> -183500
A6: a | B6: =IF(B1<=0.5,0,1) -> 0 | D6: =TRUNC(B6*65536) -> 0
A7: s | B7: =IF(B6=1,0,IF(B3=0,0,MIN(1,MAX(0,B1+B5*B3)))) -> 0.240545 | D7: =TRUNC(B7*65536) -> 15764
A8: h | B8: =IF(B6=0,1,IF(B3=1,0,MIN(1,MAX(0,B1-B5*B3)))) -> 1 | D8: =TRUNC(B8*65536) -> 65536
A9: t | B9: =IF(B6=0,B1-B7,B8-B1) -> 0.259455 | D9: =TRUNC(B9*65536) -> 17003
A10: m | B10: =IF(B6=0,MID!G2,MID!G3) -> 0.51244972 | D10: =TRUNC(B10*65536) -> 33583

Sheet CLIP
A1: x | B1: s | C1: h | D1: x<s? | E1: x>h? | F1: (x-s)/(h-s) | G1: CLIP
A2: 0.5 | B2: 0.2 | C2: 0.95 | D2: =IF(A2<B2, 1,0) -> 0 | E2: =IF(A2>C2,1,0) -> 0 | F2: =(A2-B2)/(C2-B2) -> 0.4 | G2: =IF(D2,0,IF(E2,1,F2)) -> 0.4
A3: =display!A2 -> 0 | B3: =image_parameters!B$7 -> 0.240545 | C3: =image_parameters!B$8 -> 1 | D3: =IF(A3<B3, 1,0) -> 1 | E3: =IF(A3>C3,1,0) -> 0 | F3: =(A3-B3)/(C3-B3) -> -0.31673371 | G3: =IF(D3,0,IF(E3,1,F3)) -> 0
A4: =display!A3 -> 0.125 | B4: =image_parameters!B$7 -> 0.240545 | C4: =image_parameters!B$8 -> 1 | D4: =IF(A4<B4, 1,0) -> 1 | E4: =IF(A4>C4,1,0) -> 0 | F4: =(A4-B4)/(C4-B4) -> -0.152142 | G4: =IF(D4,0,IF(E4,1,F4)) -> 0
A5: =display!A4 -> 0.25 | B5: =image_parameters!B$7 -> 0.240545 | C5: =image_parameters!B$8 -> 1 | D5: =IF(A5<B5, 1,0) -> 0 | E5: =IF(A5>C5,1,0) -> 0 | F5: =(A5-B5)/(C5-B5) -> 0.012449717 | G5: =IF(D5,0,IF(E5,1,F5)) -> 0.012449717
A6: =display!A5 -> 0.375 | B6: =image_parameters!B$7 -> 0.240545 | C6: =image_parameters!B$8 -> 1 | D6: =IF(A6<B6, 1,0) -> 0 | E6: =IF(A6>C6,1,0) -> 0 | F6: =(A6-B6)/(C6-B6) -> 0.17704143 | G6: =IF(D6,0,IF(E6,1,F6)) -> 0.17704143
A7: =display!A6 -> 0.5 | B7: =image_parameters!B$7 -> 0.240545 | C7: =image_parameters!B$8 -> 1 | D7: =IF(A7<B7, 1,0) -> 0 | E7: =IF(A7>C7,1,0) -> 0 | F7: =(A7-B7)/(C7-B7) -> 0.34163314 | G7: =IF(D7,0,IF(E7,1,F7)) -> 0.34163314
A8: =display!A7 -> 0.625 | B8: =image_parameters!B$7 -> 0.240545 | C8: =image_parameters!B$8 -> 1 | D8: =IF(A8<B8, 1,0) -> 0 | E8: =IF(A8>C8,1,0) -> 0 | F8: =(A8-B8)/(C8-B8) -> 0.50622486 | G8: =IF(D8,0,IF(E8,1,F8)) -> 0.50622486
A9: =display!A8 -> 0.75 | B9: =image_parameters!B$7 -> 0.240545 | C9: =image_parameters!B$8 -> 1 | D9: =IF(A9<B9, 1,0) -> 0 | E9: =IF(A9>C9,1,0) -> 0 | F9: =(A9-B9)/(C9-B9) -> 0.67081657 | G9: =IF(D9,0,IF(E9,1,F9)) -> 0.67081657
A10: =display!A9 -> 0.875 | B10: =image_parameters!B$7 -> 0.240545 | C10: =image_parameters!B$8 -> 1 | D10: =IF(A10<B10, 1,0) -> 0 | E10: =IF(A10>C10,1,0) -> 0 | F10: =(A10-B10)/(C10-B10) -> 0.83540829 | G10: =IF(D10,0,IF(E10,1,F10)) -> 0.83540829
A11: =display!A10 -> 0.99998474 | B11: =image_parameters!B$7 -> 0.240545 | C11: =image_parameters!B$8 -> 1 | D11: =IF(A11<B11, 1,0) -> 0 | E11: =IF(A11>C11,1,0) -> 0 | F11: =(A11-B11)/(C11-B11) -> 0.99997991 | G11: =IF(D11,0,IF(E11,1,F11)) -> 0.99997991

Sheet MID
A1: x | B1: m | C1: x=0 | D1: x=m | E1: x=1 | F1: ((m-1)*x)/((2m-1)*x-m) | G1: MID
A2: =image_parameters!B9 -> 0.259455 | B2: =image_parameters!B4 -> 0.25 | C2: =IF(A2=0,1,0) -> 0 | D2: =IF(A2=B2,1,0) -> 0 | E2: =IF(A2=1,1,0) -> 0 | F2: =((B2-1)*A2)/((2*B2-1)*A2-B2) -> 0.51244972 | G2: =IF(C2,0,IF(D2,0.5,IF(E2,1,F2))) -> 0.51244972
A3: =image_parameters!B4 -> 0.25 | B3: =image_parameters!B9 -> 0.259455 | C3: =IF(A3=0,1,0) -> 0 | D3: =IF(A3=B3,1,0) -> 0 | E3: =IF(A3=1,1,0) -> 0 | F3: =((B3-1)*A3)/((2*B3-1)*A3-B3) -> 0.48755028 | G3: =IF(C3,0,IF(D3,0.5,IF(E3,1,F3))) -> 0.48755028
A4: =CLIP!G3 -> 0 | B4: =image_parameters!B$10 -> 0.51244972 | C4: =IF(A4=0,1,0) -> 1 | D4: =IF(A4=B4,1,0) -> 0 | E4: =IF(A4=1,1,0) -> 0 | F4: =((B4-1)*A4)/((2*B4-1)*A4-B4) -> 0 | G4: =IF(C4,0,IF(D4,0.5,IF(E4,1,F4))) -> 0
A5: =CLIP!G4 -> 0 | B5: =image_parameters!B$10 -> 0.51244972 | C5: =IF(A5=0,1,0) -> 1 | D5: =IF(A5=B5,1,0) -> 0 | E5: =IF(A5=1,1,0) -> 0 | F5: =((B5-1)*A5)/((2*B5-1)*A5-B5) -> 0 | G5: =IF(C5,0,IF(D5,0.5,IF(E5,1,F5))) -> 0
A6: =CLIP!G5 -> 0.012449717 | B6: =image_parameters!B$10 -> 0.51244972 | C6: =IF(A6=0,1,0) -> 0 | D6: =IF(A6=B6,1,0) -> 0 | E6: =IF(A6=1,1,0) -> 0 | F6: =((B6-1)*A6)/((2*B6-1)*A6-B6) -> 0.011851967 | G6: =IF(C6,0,IF(D6,0.5,IF(E6,1,F6))) -> 0.011851967
A7: =CLIP!G6 -> 0.17704143 | B7: =image_parameters!B$10 -> 0.51244972 | C7: =IF(A7=0,1,0) -> 0 | D7: =IF(A7=B7,1,0) -> 0 | E7: =IF(A7=1,1,0) -> 0 | F7: =((B7-1)*A7)/((2*B7-1)*A7-B7) -> 0.16990069 | G7: =IF(C7,0,IF(D7,0.5,IF(E7,1,F7))) -> 0.16990069
A8: =CLIP!G7 -> 0.34163314 | B8: =image_parameters!B$10 -> 0.51244972 | C8: =IF(A8=0,1,0) -> 0 | D8: =IF(A8=B8,1,0) -> 0 | E8: =IF(A8=1,1,0) -> 0 | F8: =((B8-1)*A8)/((2*B8-1)*A8-B8) -> 0.33052003 | G8: =IF(C8,0,IF(D8,0.5,IF(E8,1,F8))) -> 0.33052003
A9: =CLIP!G8 -> 0.50622486 | B9: =image_parameters!B$10 -> 0.51244972 | C9: =IF(A9=0,1,0) -> 0 | D9: =IF(A9=B9,1,0) -> 0 | E9: =IF(A9=1,1,0) -> 0 | F9: =((B9-1)*A9)/((2*B9-1)*A9-B9) -> 0.49377321 | G9: =IF(C9,0,IF(D9,0.5,IF(E9,1,F9))) -> 0.49377321
A10: =CLIP!G9 -> 0.67081657 | B10: =image_parameters!B$10 -> 0.51244972 | C10: =IF(A10=0,1,0) -> 0 | D10: =IF(A10=B10,1,0) -> 0 | E10: =IF(A10=1,1,0) -> 0 | F10: =((B10-1)*A10)/((2*B10-1)*A10-B10) -> 0.65972556 | G10: =IF(C10,0,IF(D10,0.5,IF(E10,1,F10))) -> 0.65972556
A11: =CLIP!G10 -> 0.83540829 | B11: =image_parameters!B$10 -> 0.51244972 | C11: =IF(A11=0,1,0) -> 0 | D11: =IF(A11=B11,1,0) -> 0 | E11: =IF(A11=1,1,0) -> 0 | F11: =((B11-1)*A11)/((2*B11-1)*A11-B11) -> 0.82844456 | G11: =IF(C11,0,IF(D11,0.5,IF(E11,1,F11))) -> 0.82844456
A12: =CLIP!G11 -> 0.99997991 | B12: =image_parameters!B$10 -> 0.51244972 | C12: =IF(A12=0,1,0) -> 0 | D12: =IF(A12=B12,1,0) -> 0 | E12: =IF(A12=1,1,0) -> 0 | F12: =((B12-1)*A12)/((2*B12-1)*A12-B12) -> 0.99997888 | G12: =IF(C12,0,IF(D12,0.5,IF(E12,1,F12))) -> 0.99997888
